id;name;code;description;thumb_url
1;Table;projection Versatile;Integration;bypassing SCSI applications
2;e-commerce;Fresh;transmitting XML orchestrate;Nevada enterprise Belarussian Ruble
3;fuchsia;Soap Chad Regional;architectures red;Dominica
4;Program Identity;fresh-thinking Designer;array;Chicken violet
5;Home Loan Account deposit;HDD;pink Investor;compress
6;Fantastic;Future Specialist bypass;California;Thailand Product
7;Home Loan Account revolutionize Tonga;withdrawal fresh-thinking;Open-source Avon invoice;United States of America invoice
8;Sleek Steel Sausages;azure;bricks-and-clicks Leone;Money Market Account
9;Fresh;tertiary;pixel sky blue;Chief Czech Koruna
10;Pitcairn Islands Direct;Avon empower Central;Marshall Islands;CFA Franc BEAC
