id;name;avata_group_url;create_at
1;Ameliorated deliver;eco-centric knowledge user;2020-03-22T05:04:43
2;Nebraska;Netherlands Antilles;2020-03-22T05:25:09
3;frictionless parsing;Tokelau;2020-03-21T20:54:04
4;Czech Koruna;override;2020-03-21T17:53:10
5;optical Louisiana;Metal interface Ridges;2020-03-22T07:23:44
6;solid state Shirt;Intelligent Rubber Salad Licensed;2020-03-22T02:06:23
7;Small white;Berkshire;2020-03-21T17:48:52
8;Administrator Credit Card Account Saint Helena Pound;feed Shoal;2020-03-21T08:57:25
9;strategic;Fantastic Granite Pizza;2020-03-22T06:55:55
10;Timor-Leste Court;plum;2020-03-21T14:04:01
