id;user_key;full_name;avartar_url;cover_u_rl
1;Solutions;Intelligent;Licensed Metal Soap Canada;Marketing
2;Awesome Wooden Hat Extension;Utah;withdrawal lavender;array SSL analyzer
3;Future;mission-critical;back up;Devolved tangible
4;Chair static Sleek;navigate portals deliverables;Unbranded Soft Sausages architect;partnerships User-centric Alabama
5;tan Berkshire;local Handmade;Idaho invoice;Automotive Fantastic French Guiana
6;Refined Steel Keyboard;Buckinghamshire;syndicate;panel Berkshire Associate
7;District;Fully-configurable;Beauty;HDD Manager system
8;Tactics Computers;intermediate Maryland;Games generate Generic;monitor
9;quantifying heuristic;Health;Producer transparent Frozen;turquoise Vermont Plastic
10;Afghani GB;Bedfordshire Toys;Rustic Cotton Computer turquoise;Administrator payment
